feature,coef
facebook_spend_sat,-1771.9029355490634
tiktok_spend_sat,6147.239066558896
instagram_spend_sat,8738.739399867278
snapchat_spend_sat,-1622.3848586024174
google_resid,-11416.01033835767
average_price,-14730.854623627014
promotions,-8008.215272545943
emails_send,-1508.1927576062537
sms_send,19902.629590951838
social_followers,5404.507396667645
trend,2561.452654015779
sin_52,-325.4239255695861
cos_52,19140.38174063022
sin_26,-567.6075296829837
