channel,direct,indirect,total
facebook_spend_sat,280854.1656943499,-227212.81009848794,53641.35559586197
tiktok_spend_sat,245817.27563358718,-47685.29016998491,198131.98546360226
instagram_spend_sat,145827.2339512584,-20120.439466691932,125706.79448456646
snapchat_spend_sat,-276793.1825379939,-126995.36655921378,-403788.54909720767
