channel,delta_revenue,delta_spend,marginal_roas
facebook_spend_sat,158.11905330981244,0.024152498180930244,6546.695589222995
tiktok_spend_sat,1342.1752300962617,0.024057192193055674,55791.0174772471
instagram_spend_sat,643.178869600808,0.022517413987978477,28563.620580240084
snapchat_spend_sat,705.1022294273862,0.023739943824076095,29701.090897793107
